{"organization":["0","0","1","2","2","1","2","2","2","2","3"],"data":{"0":["Nosso Deus é soberano","Ele reina antes da fundação do mundo"],"1":["A terra era sem forma e vazia","E o espírito do nosso Deus","Se movia sobre a face das águas","","Foi Ele quem criou o céus dos céus","E fez separação das águas","E da terra seca","Foi Ele quem criou os luminares","E criou a natureza","E formou o homem"],"2":["Glória a Deus por Suas maravilhas","Pelas Suas grandezas","Glória a Deus"],"3":["Glória a Deus","Glória a Deus","Glória a Deus"]}}