{"organization":["0","1","1","2","1","1","1"],"data":{"0":["Eu calei minha tristeza olhando nos Teus olhos","E afoguei as minhas lágrimas no Teu peito","Eu coloquei os meus desejos nos Teus sonhos","Não sei mais viver sem Ti","","Estou seguindo meu caminho, me guio por Teus passos","Minha vontade, eu apoiei na Tua lei","Na Tua identidade, eu descobri quem sou","Você me atraiu com cordas de amor"],"1":["Você me leva ao deserto pra falar de amor","Me deixa passar pelo vale pra mostrar que está comigo","Me põe no meio da tempestade, pinta um arco-íris","Pra me dizer, no fim","Que a Tua fidelidade não acabou"],"2":["Profunda é a profundidade das riquezas","Da glória que, do céu, desceu","Em nosso meio, habitou em graça e em verdade","Pra me mostrar que, em Deus, eu tenho um pai","","Eu achei o meu esconderijo, debaixo de Tuas asas","Na rocha, minha casa eu construí","E nem o vento poderá me derrubar","Eu encontrei o meu lugar em Ti"]}}