{"organization":["0","1","2","1","3","1"],"data":{"0":["Uma missão coroada de paz","Alicerçada nas mãos","Do supremo criador","No coração exalava o amor","Incompreendido na terra","A estrela da manhã"],"1":["Mesmo sofrendo ele não reclamou","Olhou pro céu e pediu pela humanidade","Naquela cruz o herói dos heróis","Venceu a morte e levou, ou! Ou!","Sobre si os meus pecados"],"2":["Ele deixou sua glória no céu","Veio revelar a luz do Sol da justiça","Ele ensinou a verdade e o amor","Provou do beijo da morte","Se entregou em meu lugar"],"3":["No coração exalava o amor","Incompreendido na terra","A estrela da manhã"]}}