{"organization":["0","0","1","2","3","3","3","3","3"],"data":{"0":["Digno é o cordeiro de receber","A glória, força, honra, todo poder"],"1":["Anjos e querubins estão no teu trono,","E uma nuvem de glória","E uma nuvem de glória"],"2":["Tu és santo, tu és santo, tu és santo!","Aquele que venceu a morte","Santo, santo, santo!","Aquele que ressuscitou","Santo, santo, santo!","Aquele que é o Senhor","Santo, santo, santo!","Leão da tribo de Judá","Santo, santo, santo!","Raiz de Davi","Santo, santo, santo!","Estrela da manhã","Santo, santo, santo!","O Cavaleiro do cavalo branco","Santo, santo, santo!","Seus olhos como chamas de fogo","Santo, santo, santo!","Na sua boca uma espada afiada","Santo, santo, santo!","Que está vestido com manto de sangue","Santo, santo, santo!","E sua coxa está escrito:","Rei dos Reis, Senhor dos Senhores"],"3":["Tu és santo, santo, santo, santo!"]}}