{"organization":["0","0","1","0","2","3","3","4","0","0","1"],"data":{"0":["Aquieta minh'alma","Faz meu coração ouvir Tua voz","Me chama pra perto","Só assim eu não me sinto só"],"1":["Porque, na verdade, eu descobri que tudo o que eu preciso está em Ti","Mas meu coração é teimoso demais pra admitir","Sei que depender é como viver perigosamente","Mas eu preciso acreditar e confiar no que Você me diz"],"2":["Eu sei que, mesmo sem entender, Você está no controle","Então, me esconda no Teu coração","Me amarre a Ti pra eu não desistir","","Eu não quero mais fugir da Tua vontade pra mim","Eu sei que vai ser difícil","Mas Você estará sempre comigo","","E mesmo que minh'alma grite e tente me fazer voltar atrás","Eu vou confiar, eu vou descansar","Me lançar no Teu amor","No Teu amor, Senhor","","O tempo não pode apagar, as muitas águas nunca levarão o amor","Que Você sente por mim, eu sei que tudo vai se cumprir","O tempo não pode apagar, as muitas águas nunca levarão o amor","Que Você sente por mim, eu sei que tudo vai se cumprir"],"3":["Vai ser difícil, eu sei, largar tudo por Você","Mas eu sei que quando eu pensar em desistir","Você estará ao meu lado","Me segurando, me assegurando de que tudo vai ficar bem","Tudo vai ficar bem"],"4":["E se eu cair, a Tua mão me levantará","E se eu chorar, toda lágrima Você enxugará","E se eu cair, a Tua mão me levantará","E se eu chorar, toda lágrima Você enxugará","Então vem!"]}}