{"organization":["0","1","2","1","1","3","3","3","3","3","3","1","1","1","1"],"data":{"0":["Luz do mundo","Vieste à terra","Pra que eu pudesse Te ver","Tua beleza me leva a adorar-Te","Quero contigo viver"],"1":["Vim para adorar-Te","Vim para prostrar-me","Vim para dizer que és meu Deus","","És totalmente amável","Totalmente digno","Tão maravilhoso","Para mim"],"2":["Eterno Rei","Exaltado nas alturas","Glorioso nos céus","Humilde vieste à terra que criaste","Por amor, pobre se fez"],"3":["Eu nunca saberei o preço","Dos meus pecados lá na cruz"]}}