{"organization":["0","3","1","1","2","2","2","2","3","2","2","2","2","2"],"data":{"0":["Abriu mão da Sua glória","E semelhante a um homem","Se esvaziou, servo tornou","","E a Si mesmo se humilhou","E como Filho obedeceu","Até a morte, morte de cruz"],"1":["Jesus","Nome sobre todo nome","Nome sobre todo nome"],"2":["Seu nome é maravilhoso","Conselheiro, Deus forte","Pai da eternidade e Príncipe da paz"],"3":["Mas o grande Deus","O nosso Pai, O exaltou","","E Lhe deu o nome","Que é sobre todo nome","No céu e na terra","E debaixo da Terra","","Ao nome de Jesus","Todo joelho se dobrará","E toda língua confessará","Que Ele é o Senhor"]}}