{"organization":["0","0","1","2","2","3","3","1","2","2","3","3","3","4","4","4"],"data":{"0":["Quem é esse que vem nos abraçando?","Quem é esse que vem nos constrangendo com o olhar?","Ele é tão sábio","Ensina em amor","Ele é tão manso","Cuida dos corações"],"1":["Ele entrou em casa","Ele está na mesa","Ele nos observa","Sabe que o esperamos"],"2":["E ao partir o pão, os nossos olhos se abrem","E reconhecemos quem Tu és","Ao som da Tua voz, os nossos corações","Queimam de amor","Queimam de amor"],"3":["Nós arrumamos a casa","Perfumamos ela toda","Nós preparamos a mesa","Tome o lugar de honra"],"4":["Tome o lugar de honra","(Reconhecemos quem Tu és)","Tome o lugar de honra","(Reconhecemos quem Tu és)"]}}