{"organization":["0","1","2","3","1","2","3"],"data":{"0":["Recebi um novo coração do pai","Coração regenerado, coração transformado","Coração que é inspirado por Jesus!","Como fruto deste novo coração","Eu declaro a paz de Cristo","Te abençoo, meu irmão","Preciosa é a nossa comunhão"],"1":["Somos corpos, e assim bem ajustado","Totalmente ligado, unido, vivendo em amor"],"2":["Uma família sem qualquer falsidade","Vivendo a verdade, expressando a glória do Senhor!","Uma família, vivendo o compromisso","Do grande amor de Cristo"],"3":["Eu preciso de ti, querido irmão, precioso é para mim, querido irmão!"]}}