{"organization":["0","1","0","1","2","4","4","5","5","4","5"],"data":{"0":["Ouve-se o júbilo de todos os povos, povos, povos","Ouve-se o júbilo de todos os povos","Os reis se prostraram ao Senhor","Ouve-se o brado de vitória","O dia do Senhor chegou","Ei"],"1":["Ouve-se todos os povos","Que o novo rei surgiu","Impérios reconhecem que sua destra reinará","Leão de Judá","Leão de Judá","Leão de Judá","Prevaleceu"],"2":["E os povos verão e virão","A Sião aprender suas lei","Pois a sua justiça governará","Leão de Judá","Leão de Judá","Leão de Judá","","Ele é o leão da tribo de Judá","Jesus tomou nossas cadeias e nos libertou","Ele é a rocha da nossa vitória","A Nossa força em tempos de fraqueza","Uma torre em tempos de guerra","Oh, esperança de Israel","Oh, esperança de Israel","Prevaleceu"],"4":["Vem com Josué lutar em Jericó, Jericó, Jericó","Vem com Josué lutar em Jericó","E as muralhas ruirão"],"5":["Subam os montes devagar","Que o Senhor vai guerrear","Cerquem os muros para mim","Pois Jericó chegou ao fim"]}}