{"organization":["0","1","2","3","1","2","2"],"data":{"0":["Ensina-me a amar","Mesmo quando só há ódio ao meu redor","Ensina-me a dar","Mesmo quando não há nada a receber","","Ensina-me a aceitar","Tudo que tens preparado para mim","Confiando que tudo está nas Tuas mãos","E que tudo vem de Ti, Jesus"],"1":["Ensina-me a adorar","Mesmo quando há pranto em meu coração","Também a perdoar","Como a mim, tens revelado Teu perdão"],"2":["E que eu possa ter mais sede de Te conhecer melhor","Cada dia mais vontade de estar ao Teu redor","Escutando Teu falar","Sentido Teu amor","Vivendo junto a Ti, Senhor"],"3":["Confiando que tudo está nas Tuas mãos","E que tudo vem de Ti, Jesus"]}}