{"organization":["0","0","1","2","2","3","4","4","0","1","2","2","3","4","4","4","4","5","5"],"data":{"0":["O tempo de cantar chegou","O tempo de dançar chegou","O tempo de cantar chegou","O tempo de dançar chegou"],"1":["Pois Ele vem, e Ele vem","Saltando pelos montes","E Ele vem, e Ele vem","Saltando pelos montes"],"2":["E os Seus cabelos","E os Seus cabelos","São brancos como a neve"],"3":["E nos Seus olhos","E nos Seus olhos","Há fogo!"],"4":["Incendeia, Senhor, a Sua noiva","Incendeia, Senhor, a Sua Igreja","Incendeia, Senhor, a Sua casa","Vem me incendiar"],"5":["Incendeia, Senhor, esta cidade","Incendeia, Senhor, este estado","Incendeia, Senhor, esta nação","E vem me incendiar"]}}