{"organization":["0","1","2","3","3","4","5","6"],"data":{"0":["E me mostrou um rio","Um rio de águas vivas","Brilhante como um cristal"],"1":["E do outro lado estava","A árvore da vida","Trazendo cura pro seu povo"],"2":["Nunca mais haverá dor","Pois no trono Ele está"],"3":["Maranata","Maranata, ora vem"],"4":["Eu te amo, eu te quero","Mais que tudo, mais que o mundo","Volta pra mim, volta pra mim, volta pra mim"],"5":["Fiel e verdadeiro","Foi tu que prometeste","Eis que venho sem demora","Eu estou esperando","Com coração ardente","Volta logo, vem agora"],"6":["E não há no céu","Alguém além de Ti","Não há na terra","Alguém que eu queira mais que á Ti","Alguém que eu queira mais que á Ti"]}}