{"organization":["0","1","2","1","3","4","3","5","5","6","5","6","6","7"],"data":{"0":["Ele é a imagem do Deus invisível","Ele é Senhor sobre a criação"],"1":["Pois, nele foram criadas","Todas as coisas nos céus e na terra","Sejam tronos, soberanias","Poderes ou autoridades","Ele é antes de tudo","E a todos sustenta pela Palavra","Pois, foi do agrado de Deus","Que em tudo Ele tenha","Supremacia"],"2":["Ele é o resplendor da glória do Pai","Ele é a exata expressão do seu ser"],"3":["Oh oh oh oh","Oh oh oh oh"],"4":["Já não há mais nada","Que a Ele não pertença","Em tudo existe graça","Cantemos, sim!"],"5":["Vida, verdade, caminho e paz","Luz sobre as trevas, redentor"],"6":["Nosso refúgio, fortaleza","Nossa força nas batalhas","O perfeito sacrifício","Verbo em carne, Rei dos reis"],"7":["Para nós Ele é da vida, o melhor","Nosso mover e existir, paraíso aqui","Só a Ele entregar o principio e o fim","Do universo o Rei, do mundo a luz"]}}