{"organization":["0","1","2","0","1","2","2","3","4","3","4","2","2","3","4","3","4"],"data":{"0":["Minhas lamparinas estão acesas","Só estou esperando","O barulho dos Teus passos","Em direção à porta"],"1":["É só bater que eu vou abrir","Pra Você entrar","É só bater que eu vou abrir","Pra Você entrar"],"2":["Eu já coloquei as minhas vestes brancas","Estou só Te esperando","Vem, vamos dançar","Maranata, maranata"],"3":["Tem fogo nos olhos","Eu não imaginava","Que era lindo assim","Que era lindo assim"],"4":["Meu Noivo esperado","Eu abro a minha casa","Pode morar aqui","Pode morar aqui"]}}