{"organization":["0","1","2","2","1","4","4","4","4","1","4","4","4","4","1","1","1","1"],"data":{"0":["Rei do meu coração","Seja o monte que percorro","A fonte que eu bebo","És minha canção","","Rei do meu coração","Seja o meu esconderijo","Refúgio que preciso","És minha canção"],"1":["Tu és bom, bom, ô ô","Tu és bom, bom, ô ô","Tu és bom, bom, ô ô","Tu és bom, bom, ô ô"],"2":["Rei do meu coração","Seja o vento em minhas velas","A âncora no mar","És minha canção","","Rei do meu coração","Seja o fogo em minhas veias","O eco dos meus dias","És minha canção"],"4":["Tu não me deixarás","Não me deixarás jamais"]}}