{"organization":["0","1","1","2","1","1"],"data":{"0":["Quando Deus enviar alguém, quem irá","Ou ouvirá sua voz quando Ele chamar?","Será que essas são as mãos que Ele vai usar?","","Meus olhos viram quando por aqui Ele passou","Será que o meu coração ardeu quando Ele falou?","Reconhecendo quando o Mestre se aproximou","","Mesmo que eu não Te ouça","Pois o mundo faz de tudo pra Te calar","Tu renovas minhas forças","Me põe de pé e diz pra mim que Tu me aceitas","E o sacrifício sou eu no Teu Altar","","Sou Teu Vou preparar o Teu lugar","Vem e reina","Vem e reina","","Tua glória chega a me cegar","Como uma nuvem.... Que me cerca","Sob o vidro deste mar, um dia, eu cantarei","\"Jesus é rei em toda terra!\"","","Mesmo que eu não Te veja","Sei que estás aqui... Dentro de mim","Todo o meu ser deseja um toque a mais de teu amor, me incendeia","E o sacrifício sou eu no Teu Altar"],"1":["Sou Teu","Vou preparar o Teu lugar, vem e reina","Deus de amor, Santo","Meu Jesus, vive, Ele é tudo pra mim"],"2":["Ele é tudo pra mim","Ele é tudo pra mim","Ele é tudo pra mim","","Meu Deus é o maior","Meu Deus é o maior","Meu Deus é o maior","O dia do Senhor virá","Minha esperança me alimenta"]}}