{"organization":["0","0","1","2","0","1","2","1","3"],"data":{"0":["Jesus, em Tua presença reunimo-nos aqui","Contemplamos Tua face e rendemo-nos a Ti","Pois um dia Tua morte trouxe vida a todos nós","E nos deu completo acesso ao coração do Pai"],"1":["O véu que separava já não separa mais","A luz que outrora apagada agora brilha","E cada dia brilha mais"],"2":["Só pra Te adorar","E fazer Teu nome grande","E Te dar o louvor que é devido","Estamos nós aqui"],"3":["Só pra Te adorar","E fazer Teu nome grande","E Te dar o louvor que é devido","Estamos nós aqui","Estamos nós aqui","Estamos nós aqui","Estamos nós aqui"]}}