{"organization":["0","1","2","1"],"data":{"0":["Essa é a minha oração","De joelhos dobrados com meu rosto no chão","Eu não tenho pressa de sair","Desse lugar onde entendo o que é existir","","A Tua presença é real","Eu nunca senti nada igual","Só Tu és santo, Senhor","E eu te peço"],"1":["Coração ensinável","Uma conduta humilde","E uma alma com sede de Ti","Sede de Ti"],"2":["Dá-me da água viva","Dá-me da água viva","Pra eu nunca mais ter sede de nada","Se não da Tua presença","","Sim, Senhor, põe em mim Teu coração","Põe em mim teu coração pra sempre","Sim, Senhor, põe em mim teu coração","Põe em mim teu coração pra sempre"]}}