{"organization":["0","1","0","2","3","0","2"],"data":{"0":["Tu és a luz que brilha sobre a escuridão","Tu és a paz que acalma todo coração","És o pão do faminto, a força do aflito","E nós somos teus pés e tuas mãos"],"1":["Somos teu povo, a tua igreja","Tua luz brilha sobre nós","O mesmo corpo, um só Espírito","Um Senhor e Rei","","Faça tua vontade através de nós","Que o teu reino venha"],"2":["Tua verdade sempre permanecerá","Do teu amor quem poderá nos separar","És fiel e pra sempre, teu povo sustenta","E então o mundo inteiro verá","O poder do grande Rei"],"3":["Justiça e paz se encontram","E nasce a alegria","Este é o Teu reino","Este é o Teu reino de amor"]}}