{"organization":["0","1","2","1","1","5","5","1","1","1","1"],"data":{"0":["Te amo, Deus","Tua graça nunca falha","Todos os dias","Eu estou em Tuas mãos","","Desde quando me levanto","Até eu me deitar","Eu cantarei da bondade de Deus"],"1":["És fiel em todo tempo","Em todo tempo Tu és tão, tão bom","Com todo fôlego que tenho","Eu cantarei da bondade de Deus"],"2":["Tua doce voz","Que me guia em meio ao fogo","Na escuridão","Tua presença me conforta","","Sei que és meu Pai","Que amigo és","Eu vivo na bondade de Deus"],"5":["Tua bondade me seguirá","Me seguirá, Senhor","Tua bondade me seguirá","Me seguirá, Senhor","","Eu me rendo a Ti, Te dou o meu ser","Entrego tudo a Ti","Tua bondade me seguirá","Me seguirá, Senhor"]}}