{"organization":["0","1","1","2","2","1","1","2","2","1","1","1","3"],"data":{"0":["Pelo Senhor, marchamos sim","O Seu exército, poderoso é","E Sua glória será vista em toda terra","","Vamos cantar o canto da vitória","Glória Deus, vencemos a batalha","Toda arma contra nós perecerá"],"1":["O nosso general é Cristo","Seguimos os Seus passos","Nenhum inimigo nos resistirá"],"2":["Pelo Messias, marchamos sim","Em Suas mãos, a chave da vitória","Que nos leva a possuir a terra prometida"],"3":["Nenhum inimigo nos resistirá","Nenhum inimigo nos resistirá"]}}