{"organization":["0","1","1","2","3","3","4"],"data":{"0":["Louvemos ao Senhor (louvemos ao Senhor)","Louvemos ao Senhor","Adoremos no seu santo monte,","Nosso amado Pai, seu nome é santo"],"1":["Louvemos ao Senhor pois seu nome é santo.","(Pois seu nome é santo),"],"2":["Magnifiquemos ao Senhor, ao rei que é digno de louvor,","Excelso, supremo e mui digno de louvor,"],"3":["Hosana, hosana, hosana ao nosso Rei."],"4":["Cristo é a nossa vida o motivo de louvor,","Em nosso novo coração,","Pois morreu a nossa morte pra vivermos sua vida,","Nos trouxe grande salvação."]}}