{"organization":["0","1","2","1","3","3","3","3","1"],"data":{"0":["Antes de eu falar","Tu cantavas sobre mim","Tu tens sido tão, tão bom pra mim","Antes de eu respirar","Sopraste Tua vida em mim","Tu tens sido tão, tão bom pra mim"],"1":["Oh, impressionante, infinito","E ousado amor de Deus","Oh, que deixa as noventa e nove","Só pra me encontrar","","Não posso comprá-lo","Nem merecê-lo","Mesmo assim se entregou","Oh, impressionante, infinito","E ousado amor de Deus"],"2":["Inimigo eu fui","Mas Teu amor lutou por mim","Tu tens sido tão, tão bom pra mim","Não tinha valor","Mas tudo pagou por mim","Tu tens sido tão, tão bom pra mim"],"3":["Traz luz para as sombras","Escala montanhas","Pra me encontrar","Derruba muralhas","Destrói as mentiras","Pra me encontrar"]}}