{"organization":["0","1","1","2","2","2","2","3","3"],"data":{"0":["Ele abriu mão de Sua glória","Sangrou no madeiro por mim","Me conectou, salvou e curou","Ele me deu um destino","Uma capa e um pouco de vinho","Ele me deu unção, cajado e pão","","Pôs um anel em meu dedo e me tirou o medo","Novas sandálias pra suportar o ide","Pôs um anel em meu dedo e me tirou o medo","Novas sandálias, e disse: Vai"],"1":["E eu me despedi dos meus pais","Eu queimei minhas carroças","E eu afundei meus barcos no cais"],"2":["Pra onde eu irei se eu não tenho pra onde voltar?","Só tenho Você, Deus, palavra de vida eterna","Pra onde eu irei se eu não tenho pra onde voltar?","Só tenho Você, Deus, palavra de vida eterna"],"3":["Sou, sou totalmente Teu","Fui encontrado pelo Teu amor","Pelo Teu amor","Sou, sou totalmente Teu","Fui contemplado em ser um com Você","Ser um com Você","Ser um com Você","Ser um com Você"]}}