{"organization":["0","1","2","0","1","2","3","3","3","3","2","2"],"data":{"0":["Não há nada igual","Não há nada melhor","A que se compara à esperança viva","Tua presença"],"1":["Eu provei e vi","O mais doce amor","Que liberta o meu ser","E a vergonha desfaz","Tua presença"],"2":["Santo Espírito, és bem-vindo aqui","Vem inundar, encher esse lugar","É o desejo do meu coração","Sermos inundados por Tua glória, Senhor"],"3":["Vamos provar quão real é Tua presença","Vamos provar a Tua glória e bondade"]}}