{"organization":["0","1","2","1"],"data":{"0":["Quem vê meus olhos","Não sabe as lágrimas que derramei","Quem vê meus pés","Não sabe os espinhos que pisei","","Se ouvir minha voz","Não sabe as vezes que eu me calei","Pra não sofrer","","Quem vê minhas mãos","Não sabe as batalhas que travei","E o meu sorriso","Que, muitas vezes, eu o disfarcei","","Por fora um livro","Com as marcas que a vida escreveu","E diante das coisas que eu não pude evitar","Eu encontrei abrigo até tudo passar"],"1":["Na vida, tem um tempo pra sorrir e pra chorar","Mas em tudo eu vejo as mãos do meu Deus a me guardar","","Meu passado é uma história","Meu futuro está sendo escrito por um Deus","Que cuida de mim com muito amor","","Já passei por coisas da vida","Hoje eu quero as coisas de Deus","Eu vou viver o sobrenatural","Mesmo depois de tudo que passei"],"2":["E diante das coisas que eu não pude evitar","Eu encontrei abrigo até tudo passar"]}}