{"organization":["0","1","2","2","2","2","0","1","2","2","2","2","3","3","3","4","3","3","3","1","2","2","2","2","5","5","5","6","5","6","5","6","6"],"data":{"0":["Seguro estou nos braços","Daquele que nunca me deixou","Seu amor perfeito sempre esteve","Repousado em mim"],"1":["E se eu passar pelo vale","Acharei conforto em Teu amor","Pois eu sei que és aquele","Que me guarda, me guarda"],"2":["Em Teus braços é meu descanso"],"3":["Recaio em Tua graça","Recaio de novo em Tuas mãos"],"4":["Eu recaio"],"5":["O toque mais puro","O amor mais seguro do mundo"],"6":["O toque mais puro","O amor mais seguro do mundo é o teu Jesus"]}}