{"organization":["0","1","1","2","2","2","3"],"data":{"0":["Eis me aqui prostrado outra vez","Pra tudo entregar","Pra tudo entregar","Leva-me perto de Ti, Senhor","Anseio por ti","Anseio por ti","","Enche-me da graça e do teu amor","Sacia meu ser","Sacia meu ser","Abraça-me, ouve o meu clamor","Fala pra mim","Fala pra mim"],"1":["Eu me rendo","Eu me rendo","Pra conhecer-te mais","Pra conhecer-te mais"],"2":["Vento de poder sopra em meu viver","Faz teu querer, faz teu querer em mim","","Como um vendaval sobrenatural","Faz teu querer, faz teu querer em mim"],"3":["Eu me rendo","Eu me rendo","Pra conhecer-te mais","Pra conhecer-te mais"]}}