{"organization":["0","1","1","3","1","1","1"],"data":{"0":["Fogo consumidor","Vem arder em nós","Aquecer a chama","Que um dia queimou por ti","","Homens se desviaram","Profetas se venderam","Mas existem aqueles","Que não se dobraram","Ante outros deuses","","Mas existem aqueles","Que não se dobraram","Ante outros deuses"],"1":["Deus está levantando um novo povo","Deus está sacudindo toda terra","Deus está separando seus profetas","","Um novo dia a amanhecer","Uma nova história a se cumprir","O choro já durou a noite","É chegado o amanhecer"],"3":["É chegado o amanhecer","É chegado o amanhecer","É chegado o amanhecer","É chegado o amanhecer"]}}