{"organization":["0","1","2","1","1"],"data":{"0":["Deus enviou Seu Filho amado","Pra me salvar e perdoar","Na cruz morreu por meus pecados","Mas ressurgiu e vivo com o Pai está"],"1":["Porque Ele vive, posso crer no amanhã","Porque Ele vive, temor não há","Mas eu bem sei, eu sei que a minha vida","Está nas mãos do meu Jesus, que vivo está"],"2":["E quando, enfim, chegar a hora","Em que a morte enfrentarei","Sem medo, então, terei vitória","Verei na glória o meu Jesus, que vivo está"]}}