{"organization":["0","1","2","2","3","2","3","3","1"],"data":{"0":["Nova vida para sempre","Uma família, alegria","","Caminhar, o amor buscar","Aprender, a luz brilhar","","Saber que a gente pode crescer","Viver, chorar, dançar e se alegrar"],"1":["Para nós Ele é, da vida, o melhor","Nosso mover e existir, paraíso aqui","Só a Ele entregar o princípio e o fim","Do universo o Rei, do mundo a luz"],"2":["Vida, verdade, caminho e paz","Luz sobre as trevas, Redentor"],"3":["Nosso refúgio, fortaleza","Nossa força nas batalhas","O perfeito sacrifício","Verbo em carne, Rei dos reis"]}}