{"organization":["0","2","3","2","3","3"],"data":{"0":["Vem Senhor, encher este lugar","Vem Senhor, encher este lugar","Com Tua glória, com Tua glória","Com Tua glória, com Tua glória"],"2":["Fala-me, eu quero Te ouvir","Toca-me, eu quero Te sentir","Vem e abraça-me, vem e abraça-me","Vem e abraça-me, vem e abraça-me","","Todo dia é dia de adorar ao Senhor","Eu conto os segundos só pra te encontrar","Quando estou em tua presença"],"3":["Dá vontade de pular, dá vontade de dançar","Dá vontade de gritar, dá vontade de correr","Diante de Ti","","Dá vontade de pular, dá vontade de dançar","Dá vontade de gritar, dá vontade de correr","Dá vontade de pular, dá vontade de dançar"]}}