{"organization":["0","1","2","0","1","2","3","3","3","3","3","2","2"],"data":{"0":["Há um rio cujas águas são limpas","Há um rio cujas fontes não cessam","Há um rio que corre do trono de Deus"],"1":["Há um rio que desceu de Sua glória","Há um rio que morreu numa cruz","Mas esse rio ao terceiro dia ressuscitou"],"2":["Eu vou mergulhar nos Teus rios","Eu vou mergulhar nas Tuas fontes","Eu vou!","Eu vou mergulhar nos Teus rios","Eu vou mergulhar nas Tuas fontes"],"3":["Me limpa, me sara, me cura","Transforma, restaura o meu coração","Me limpa, me sara, me cura","Transforma, restaura o meu coração"]}}