{"organization":["0","1","2","1","1","3","1","1","1","1"],"data":{"0":["Nada nos separará","Dos laços do teu grande amor","De longe, ouvimos o amor que chama","Paixão profunda, bondade e graça","Se derramando"],"1":["É tão profundo, tão imenso e cobre-nos","É furioso, poderoso e abraça-nos","Só ele pode devolver a vida aos corações"],"2":["O pai que seu filho nos deu","E o filho que por todos morreu","E em nós derrama amor e graça","E nos convida a sua mesa","Nos alcançando"],"3":["A vida aos corações","Vida aos nossos corações senhor","Só ele pode devolver","Só ele","Só ele","Só ele"]}}