{"organization":["0","1","1","2","1","1","3","1","1"],"data":{"0":["O dia enfim chegou","O cordeiro foi cortado","Ele vem pra nos visitar","","Na porta o sangue está","No crepúsculo da tarde","Ele vem pra nos libertar","","Todo escravo será livre","Nenhum choro se ouvirá","Toda fome saciada","Nossa voz Ele ouviu"],"1":["Não há Deus como o nosso Deus","Nossa força e canção","Grandes coisas Ele fez","Seu Reino é pra sempre"],"2":["Na cruz o sangue está","É sexta-feira à tarde","Ele veio pra nos salvar","","Esmagado o filho foi","Cristo está crucificado","Morreu em nosso lugar","","Sua vida derramou","Nenhuma condenação há","Na montanha da caveira","Ao nosso lado, Deus está"],"3":["Pra nos dar sua doce graça","Nos trouxe a redenção","Não há mais razão pra chorar"]}}