{"organization":["0","1","2","1","3"],"data":{"0":["Imensurável","Tua majestade","Cobre a Terra de glória","Sobre os Teus ombros","Todo governo","Teu nome é Santo","Santo"],"1":["Jesus","Jesus","Jesus","Jesus","","Glória","Glória","Ao que venceu","Glória","Glória","Ao Rei Jesus"],"2":["Quem é esse homem","Que o céu responde","Ao comando da Sua","Doce voz","","Ele é a imagem","Do Deus invisível","Maravilhoso","Senhor"],"3":["Por Ele e para Ele tudo existe","A Ele toda honra e a glória","Por Ele e para Ele tudo existe","A Ele toda honra e a glória","","Pra sempre reinará","Pra sempre reinará","Pra sempre e sempre","Pra sempre reinará","Pra sempre reinará"]}}