{"organization":["0","1","2","1","3","1"],"data":{"0":["Naquela cruz","Não poderia ser ninguém","Além de Jesus","Naquela cruz","Estava o justo","Cujo sangue redime o pecador"],"1":["Salve o Rei","Que ao mundo deu","Sua vida na cruz","Salve o Cristo de Deus","Senhor Jesus"],"2":["Em suas mãos","As marcas do calvário","Pra sempre estarão","Como o perdão","Que marca os redimidos","Nascidos em seu coração"],"3":["Moído Ele foi","Por nossas transgressões","O castigo que nos traz a paz","Estava sobre Ele","Toda dívida pagou","O véu então rasgou","Pra sempre"]}}