{"organization":["0","1","1","2"],"data":{"0":["Eu não O louvo porque faz-me feliz","Eu não O louvo por nada faltar-me","Eu sim O louvo porque","É, digno é Jesus","","Os meus sentimentos não O impedirão de ouvir minha voz","Com toda a minha força, declarando glórias ao Senhor","","Digno","De louvor é o Rei Jesus","Que exaltado está em Seu trono","Santo","Digno","De louvor é o Rei Jesus","Que exaltado está em Seu trono","Santo"],"1":["Glórias a Jesus","Glórias ao Cordeiro","Glórias a Jesus","Glórias ao que reina"],"2":["Digno","De louvor é o Rei Jesus","Que exaltado está em Seu trono","Santo","Reina, Jesus"]}}