{"organization":["0","0","1","1","2","2","2","2","3","3","3","3","3"],"data":{"0":["Um menino nasceu","Como um filho se nos deu","Ele é o próprio Deus","E vive em mim","Debaixo de tuas asas","Eu me escondi","","E o Seu nome é maravilhoso","Glória ao Príncipe da paz"],"1":["O céu começa a se abrir","Toda a terra se dobrou a Ti","Cristo, Rei dos reis","Veio nos buscar","","Leva-nos em Tuas mãos","Pelas portas da cidade","Na nova Jerusalém","Tua noiva vai entrar","Tua noiva vai entrar"],"2":["Santo, Santo, Santo é o Senhor"],"3":["Ninguém me toca como Você","Ninguém me vê como Você me vê","Faz brilhar Seu rosto sobre mim"]}}