{"organization":["0","1","2","1","3","1","1","4","4"],"data":{"0":["Disseste que nunca me deixaria","Disseste que a vida me abalaria","Disseste que no mundo eu teria aflições","Mas eu sei"],"1":["Quando o mundo cai ao meu redor","Teus braços me seguram","Quando o mundo cai ao meu redor","És a esperança pra mim","Quando o mundo cai ao meu redor","E as forças se vão, encontro abrigo em ti","Segura-me, segura em minhas mãos"],"2":["Quando eu vejo a escuridão da noite","Quando eu vejo a tragédia vindo sobre mim","Mesmo assim eu descanso em teus braços de amor","Pois eu sei"],"3":["O choro dura uma noite","Mas com o dia vem o sol","As tempestades virão","Mas sobre a morte ele venceu","Ele venceu!"],"4":["Segura em minhas mãos"]}}