{"organization":["0","1","2","2","1","2","2"],"data":{"0":["Como é precioso, irmão","Estar bem junto a Ti","E juntos, lado a lado","Andarmos com Jesus","E expressarmos o amor","Que um dia Ele nos deu","Pelo sangue no Calvário","Sua vida trouxe a nós"],"1":["Aliança no Senhor","Eu tenho com você","Não existem mais barreiras em meu ser","Eu sou livre pra te amar","Pra te aceitar","E para te pedir","Perdoa-me, irmão"],"2":["Eu sou um com você","No amor do nosso Pai","Somos um no amor de Jesus"]}}