{"organization":["0","0","1","1","1","2","2","2","2","1","1","3"],"data":{"0":["Lembrem da canção, Cristo é o retrato de Deus","Do que foi feito antecedeu, primeiro","Antes do nascer, fez justiça e em Si morreu","Supremacia e tronos são, são Teus"],"1":["E aquele fio que se rompeu","Da minha alma até a Deus","O sangue santo costurou","Cristo em Suas linhas de amor","E agora um homem feito eu","Pode no homem ver a Deus","Ter paz, viver, andar e ser","Me fez amigo em Seu verter"],"2":[["Paz com Deus (paz com Deus)"],["Paz com Deus"],["Nós temos paz com Deus"],["Paz com Deus"],["Nós temos paz com Deus"]],"3":["Me fez amigo em Seu verter (paz com Deus)","Me fez amigo em Seu verter (paz com Deus)"]}}