{"organization":["0","1","1","5"],"data":{"0":["Amado Redentor","Maravilhoso Rei","Eu amo o precioso dia que virás","","Os meus olhos veem","O Salvador que reina","Poderosamente vindo me encontrar","","Cordeiro e Leão","O Príncipe da paz","Messias prometido","Deus Emanuel","","Maravilhado estou","Pra sempre cantarei","Jesus, o Rei da Glória","Tens meu coração"],"1":["Tu Tens meu coração","Tu Tens meu coração","Hosana ao Rei","Que vem"],"5":["Oh, se fendesses o céu","Oh, se descesses à terra","","Maranata!","Eu te espero","","Mais que todas as riquezas","Todas as dádivas do mundo","","Maranata!","Eu te espero","Eu te espero","","Eu amo o dia da sua vinda","Eu amo o dia em que virás","","És perfeito, Jesus","Em todos os Teus caminhos!"]}}