{"organization":["0","4","5","4","6","6"],"data":{"0":["Eu quero sentir Suas dores","Participar de Sua morte","Toda minha vida devo a Ti","","Eu quero conhecer a Tua face","Aproximar-me do poder","Capaz de dar vida ao que está morto","Eu quero me alegrar em meio à dor"],"4":["Tu és o Cristo","Nascido pra morrer em meu lugar","E nada poderá nos separar","Me rendo por inteiro aos Teus pés","","Tu és o Cristo","Por onde anda as trevas vão embora","Teu nome aqui tem Seu lugar de honra","Teu trono acima está"],"5":["O mesmo nome","O mesmo poder que ressuscitou meu Jesus","Me faz vencer","O mesmo nome","O mesmo poder que ressuscitou meu Jesus","Me ressuscitará"],"6":["Jesus, aqui Tu tens lugar de honra","Teu trono acima está"]}}