{"organization":["0","1","1","2"],"data":{"0":["Ele não tinha qualquer beleza","Ou majestade pra nos atrair","Nada havia em Sua aparência","Para o desejarmos"],"1":["Mais rejeitado dentre os homens","Ainda assim carregou nossas dores","O Seu castigo nos traz paz","E a esperança não se esvai","","A oferta pela culpa Ele ofereceu","Pra satisfazer o Criador, Ele morreu","Pra que a Sua luz em nós pudesse brilhar","O filho do amor se entregou em nosso lugar"],"2":["És o cordeiro que pelos nossos pecados foi esmagado","Sem dizer uma só palavra, se entregou aos cravos","Derramou Sua vida até a morte provando a ira amarga","Pra nos dar Sua doce graça e nos fazer viver"]}}