{"organization":["0","0","1","1","1","2"],"data":{"0":["Boas notícias vindas de longe","Aquecem o coração","Quando o forasteiro retorna à casa","Esquece a solidão","A paz do regresso apaga a saudade","Vai raiar o Sol pelas ruas da cidade","Abram-se portas eternas","O Sol da justiça se levantará","Os raios que brilham, penetram","Dissipam o medo e traz a cura","Pra mim"],"1":["O choro vai passar","Dor não haverá","O que passou ficou pra trás","Agora ele vem pra enxugar as lágrimas","Reinará a paz","A vida eterna brotará","A voz do pai dizendo"],"2":["Filho, eu vou voltar","O Sol da justiça se levantará","Pra mim"]}}