{"organization":["0","1","1","2","2","3","4","4","5","5","4","4","6","2","2","7"],"data":{"0":["E me mostrou um rio","Um rio de águas vivas","Brilhante como um cristal","E do outro lado estava","A Árvore da Vida","Trazendo cura pra o seu povo"],"1":["Nunca mais haverá dor","Pois no Trono Ele está"],"2":["Maranata, Maranata","Ora vem"],"3":["Eu te amo, eu te quero","Mais que tudo","Mais que o mundo","Volta pra mim, volta pra mim","Volta pra mim"],"4":["Maranata, Maranata","Oh Lord come"],"5":["How I Love you","How I need you","More than all things","More than this World","Come back tô me, come back tô me","Come back tô me"],"6":["Fiel e verdadeiro","Foi Tu que prometestes","Eis que venho sem demora","Eu estou te esperando","Com o coração ardente","Volta logo, vem agora"],"7":["E mais que feliz é o povo","Que conhece os vivas de júbilo","E que andam segundo a luz da presença","A luz da presença"]}}
