{"organization":["0","1","1","2","1","1","1","1","4","4","5","5","6"],"data":{"0":["Tenho fome","Tenho sede de ti","E de aprender de ti","Que é manso e humilde","É que um minuto aqui","Vale mais que uma vida"],"1":["Tu és tudo que eu quero ser","Tudo que eu quero ter"],"2":["Eu tenho sede","Como um deserto por águas","E de aprender de ti","Que é manso e humilde","É que um minuto aqui","Vale mais que uma vida"],"4":["Como um selo em meu coração","Tu és meu tesouro","Muitas águas vêm sobre mim","Me sinto seguro"],"5":["Pra onde eu vou sem você?","Não sobra nada sem teu grande amor","Tu sabes tudo que eu não sei","E o que eu preciso é estar contigo"],"6":["E onde eu vou, eu te levo comigo, amado","E onde eu vou, eu te levo comigo, amado","E onde eu vou, eu te levo, eu te levo","Eu te levo comigo, eu te levo comigo, amado Jesus","","Eu te levo, eu te levo comigo, amado Jesus","Eu te levo comigo, eu te levo comigo, te levo","Meu melhor amigo, eu te levo, amado"]}}