{"organization":["0","1","2","2","1"],"data":{"0":["Dá-nos mais fome pela tua presença","Dá-nos mais sede pela água da vida","Pois onde há fome e onde há sede","Ali tu estás","","Se os meus olhos estiverem fechados","E os meus ouvidos não ouvirem mais","Abre os meus olhos e os meus ouvidos","Preciso de ti","","Tu és meu alimento","E meu prazer está em ti","Tu és minha esperança","Minha alma anseia por ti"],"1":["Te desejamos Deus mais do que tudo aqui","És nosso bem maior","Desejamos por ti","","Te desejamos Deus","Só tu nos satisfaz","Sem tua presença não temos pra onde ir","","Nós desejamos por ti","Por ti","Nós desejamos por ti","Por ti"],"2":["Mais que os amores que existem no mundo","Mais que os prazeres que existem na terra","Mais que as paixões que são passageiras desejamos por ti","","Mais que o conforto da minha vontade","Mais que os desejos de toda vaidade","Mais que os meus planos e os meus anseios desejamos por ti"]}}