{"organization":["0","1","2","1","3","3","3","3"],"data":{"0":["Ele é a imagem do Deus invisível","Ele é Senhor sobre a criação"],"1":["Pois, Nele foram criadas","Todas as coisas nos céus e na terra","Sejam tronos, soberanias","Poderes ou autoridades","Ele é antes de tudo","E a todos sustenta pela Palavra","Pois, foi do agrado de Deus","Que em tudo Ele tenha","Supremacia"],"2":["Ele é o resplendor da glória do Pai","Ele é a exata expressão do seu ser"],"3":["Já não há mais nada","Que a Ele não pertença","Em tudo existe graça","Cantemos, sim"]}}